,Seed,Samples,Score,PRECISION,RECALL,V PRECISION,V RECALL,DAG PRECISION,DAG RECALL,HAMMING,SCALED HAMMING,SHD,SCALED SHD
0,0,100,BDeu,0.7142857142857143,0.6521739130434783,0.4166666666666667,0.20833333333333334,0.5681818181818182,0.5434782608695652,28,0.6086956521739131,35,0.7608695652173914
1,0,100,WMSE,1.0,0.021739130434782608,0.0,0.0,0.5,0.021739130434782608,45,0.9782608695652174,46,1.0
2,0,100,BIC,0.5555555555555556,0.10869565217391304,0.1111111111111111,0.041666666666666664,0.2777777777777778,0.10869565217391304,45,0.9782608695652174,50,1.0869565217391304
3,0,100,qNML,0.24,0.13043478260869565,0.02564102564102564,0.041666666666666664,0.12,0.13043478260869565,59,1.2826086956521738,65,1.4130434782608696
