,Seed,Samples,L2 DAG F1,BIC DAG F1,L2 SKEL F1,BIC SKEL F1
0,0,100,0.0,0.0,0.0,0.0
1,0,200,0.0,0.0,0.0,0.0
2,0,400,0.0,0.0,0.0,0.0
3,0,800,0.0,0.0,0.0,0.0
4,0,1600,0.0,0.0,0.0,0.0
5,0,3200,0.0,0.0,0.2666666666666667,0.0
6,1,100,0.0,0.0,0.0,0.0
7,1,200,0.0,0.0,0.0,0.0
8,1,400,0.0,0.0,0.0,0.0
9,1,800,0.0,0.0,0.0,0.0
10,1,1600,0.0,0.0,0.0,0.0
11,1,3200,0.09090909090909091,0.125,0.6363636363636364,0.25
12,2,100,0.0,0.0,0.0,0.0
13,2,200,0.0,0.0,0.0,0.0
14,2,400,0.0,0.0,0.0,0.0
15,2,800,0.0,0.0,0.0,0.0
16,2,1600,0.13333333333333336,0.0,0.2666666666666667,0.0
17,2,3200,0.27272727272727276,0.0,0.7272727272727274,0.2666666666666667
18,3,100,0.0,0.0,0.0,0.0
19,3,200,0.0,0.0,0.0,0.0
20,3,400,0.0,0.0,0.0,0.0
21,3,800,0.0,0.0,0.0,0.0
22,3,1600,0.0,0.0,0.14285714285714288,0.0
23,3,3200,0.4,0.0,0.6,0.2666666666666667
24,4,100,0.0,0.0,0.0,0.0
25,4,200,0.0,0.0,0.0,0.0
26,4,400,0.0,0.0,0.0,0.0
27,4,800,0.0,0.0,0.0,0.0
28,4,1600,0.0,0.0,0.0,0.0
29,4,3200,0.0,0.0,0.2666666666666667,0.0
30,5,100,0.0,0.0,0.0,0.0
31,5,200,0.0,0.0,0.0,0.0
32,5,400,0.0,0.0,0.0,0.0
33,5,800,0.0,0.0,0.0,0.0
34,5,1600,0.0,0.0,0.0,0.0
35,5,3200,0.0,0.0,0.0,0.0
36,6,100,0.0,0.0,0.0,0.0
37,6,200,0.0,0.0,0.0,0.0
38,6,400,0.0,0.0,0.0,0.0
39,6,800,0.0,0.0,0.0,0.0
40,6,1600,0.0,0.0,0.0,0.0
41,6,3200,0.4444444444444444,0.0,0.5555555555555556,0.14285714285714288
42,7,100,0.0,0.0,0.0,0.0
43,7,200,0.0,0.0,0.0,0.0
44,7,400,0.0,0.0,0.0,0.0
45,7,800,0.0,0.0,0.0,0.0
46,7,1600,0.0,0.0,0.0,0.0
47,7,3200,0.1111111111111111,0.0,0.6666666666666666,0.0
48,8,100,0.0,0.0,0.0,0.0
49,8,200,0.0,0.0,0.0,0.0
50,8,400,0.0,0.0,0.0,0.0
51,8,800,0.0,0.0,0.0,0.0
52,8,1600,0.0,0.0,0.0,0.0
53,8,3200,0.35294117647058826,0.0,0.5882352941176471,0.0
54,9,100,0.0,0.0,0.0,0.0
55,9,200,0.0,0.0,0.0,0.0
56,9,400,0.0,0.0,0.0,0.0
57,9,800,0.0,0.0,0.0,0.0
58,9,1600,0.0,0.0,0.0,0.0
59,9,3200,0.42857142857142855,0.0,0.42857142857142855,0.16666666666666669
